SaleID,PropertyID,ClientID,AgentID,SaleDate,SalePrice
1,891,291,70,2025-02-27,581152
2,886,1354,93,2024-07-12,801724
3,372,702,43,2024-01-08,828974
4,505,1269,19,2024-12-06,1380483
5,130,280,63,2025-01-06,159459
6,100,1464,65,2024-11-19,317237
7,243,534,73,2023-12-21,583787
8,781,1192,65,2023-10-12,1313729
9,321,1471,15,2025-03-09,898491
10,923,25,88,2024-02-09,323419
11,853,1073,20,2024-12-17,1044642
12,765,1341,61,2024-07-19,1131585
13,828,1100,63,2024-01-10,118202
14,535,1195,58,2023-09-29,1491227
15,849,173,22,2023-11-27,1013444
16,246,563,97,2024-09-06,847959
17,687,428,15,2023-07-14,527859
18,699,360,14,2024-07-02,257182
19,623,1365,56,2023-05-15,1133436
20,523,1426,82,2025-03-02,594507
21,704,1494,72,2024-12-10,739817
22,914,347,43,2024-02-29,1342567
23,867,1227,100,2024-04-25,1040448
24,701,49,21,2024-09-19,1192610
25,765,124,41,2023-05-21,728481
26,353,843,88,2024-05-11,1198142
27,250,772,91,2023-11-11,1083451
28,424,1057,43,2024-01-22,607208
29,373,328,35,2023-08-19,1402027
30,966,429,17,2023-05-16,119427
31,516,396,89,2024-04-26,237000
32,457,1227,91,2024-07-02,571721
33,502,1163,17,2023-08-16,667736
34,559,98,7,2024-03-11,110159
35,547,1107,90,2023-08-27,1451818
36,567,80,10,2024-04-08,1251878
37,820,38,95,2023-12-30,640095
38,477,467,90,2024-02-07,1463203
39,464,884,64,2024-03-07,1485130
40,17,186,6,2023-11-21,101099
41,889,879,69,2025-03-04,1236679
42,688,498,70,2023-12-22,361043
43,915,36,22,2024-01-06,109109
44,255,1082,21,2025-01-29,1433398
45,650,753,25,2024-01-25,116974
46,517,959,26,2025-04-16,667478
47,875,98,65,2023-09-02,885206
48,414,880,95,2023-11-11,811440
49,101,951,71,2024-12-27,991194
50,552,532,55,2025-03-14,519615
51,209,342,80,2025-02-16,451933
52,531,276,85,2024-02-11,618593
53,536,120,34,2024-06-17,990367
54,472,466,62,2024-11-24,1409523
55,664,315,29,2024-08-09,617520
56,611,1149,85,2023-08-19,597127
57,85,861,14,2023-06-11,1240663
58,244,1298,28,2023-11-06,1140760
59,613,426,78,2024-07-04,1312667
60,562,153,39,2024-08-11,366718
61,368,241,28,2023-06-07,364190
62,632,1019,64,2023-09-20,669313
63,386,267,84,2025-04-18,647156
64,500,411,9,2024-08-18,582430
65,344,435,15,2024-12-06,1310322
66,908,850,92,2025-02-10,1311114
67,65,1229,9,2024-12-01,513818
68,739,720,56,2024-03-20,369958
69,455,579,63,2023-09-17,370175
70,884,437,70,2024-12-10,814011
71,845,507,4,2024-12-10,1449532
72,159,957,10,2024-02-25,1481554
73,800,893,9,2024-12-13,391262
74,565,830,5,2024-04-26,1112661
75,726,568,28,2023-12-14,369550
76,715,777,68,2025-02-01,1049072
77,360,441,86,2023-08-02,584090
78,265,17,37,2024-04-29,799758
79,594,1034,46,2024-12-10,580473
80,343,939,33,2024-06-20,1201063
81,105,90,64,2023-10-25,746354
82,702,1423,79,2024-05-06,1386243
83,174,1150,39,2024-02-22,280625
84,48,671,82,2024-08-12,1278234
85,233,1098,77,2024-12-10,512109
86,737,316,10,2023-09-30,902464
87,11,207,35,2023-11-20,1303732
88,504,167,81,2025-02-11,634628
89,377,1348,62,2024-08-03,261297
90,315,339,44,2025-02-04,1413064
91,884,21,97,2024-02-28,303954
92,599,1353,82,2023-11-08,212720
93,235,966,62,2024-12-27,1412552
94,371,59,39,2024-12-04,183870
95,230,1252,1,2024-03-29,717899
96,721,676,79,2025-05-03,498814
97,548,1450,45,2024-09-17,146549
98,641,955,43,2024-02-06,132102
99,510,828,58,2024-07-10,143651
100,883,937,21,2023-08-07,937922
101,438,405,78,2024-07-01,977989
102,173,385,66,2023-08-02,451729
103,85,1400,41,2023-11-12,790057
104,2,412,8,2023-05-18,159152
105,819,1402,28,2024-10-25,688495
106,569,1388,3,2023-05-24,174522
107,508,1441,96,2023-06-30,684968
108,510,1424,82,2024-03-27,187615
109,765,1282,34,2024-03-05,689533
110,922,607,47,2025-01-21,1443774
111,232,705,60,2024-09-10,510582
112,133,358,29,2024-01-20,462104
113,153,758,80,2024-09-13,1231338
114,302,1375,99,2023-06-26,1025159
115,571,1031,79,2024-04-08,677220
116,714,783,90,2023-11-27,605918
117,10,42,31,2024-10-08,1062027
118,914,631,83,2025-01-13,826220
119,640,1117,33,2025-01-15,691151
120,571,714,78,2024-10-25,842041
121,602,1479,95,2025-03-09,814431
122,312,1162,19,2024-04-26,882945
123,977,751,56,2023-11-07,1230390
124,337,419,87,2024-01-02,461157
125,723,1139,92,2024-07-26,622978
126,59,167,73,2023-09-25,562218
127,694,47,84,2023-12-01,1214920
128,470,1153,56,2023-09-12,856622
129,665,883,76,2024-03-06,419358
130,777,289,47,2024-09-27,1277462
131,23,669,98,2024-11-16,840626
132,689,229,91,2024-09-29,84868
133,201,1154,54,2023-08-28,818701
134,679,1013,2,2024-10-03,1082960
135,765,530,64,2025-03-17,794116
136,301,256,35,2023-09-07,1372730
137,827,1307,96,2024-06-15,1296006
138,949,1179,39,2025-02-13,856135
139,709,695,73,2025-02-16,1247096
140,638,16,65,2023-08-04,889976
141,903,724,77,2023-08-08,877179
142,391,1085,34,2025-01-30,799700
143,465,1472,68,2024-06-17,769339
144,498,1034,4,2023-12-05,521087
145,542,961,23,2024-08-04,1082550
146,405,1262,71,2024-11-11,143134
147,940,1492,43,2023-09-29,150305
148,513,751,67,2023-07-27,900744
149,786,1032,25,2023-07-06,281307
150,647,705,10,2023-09-09,125967
151,902,960,38,2025-04-30,215447
152,903,908,36,2023-11-14,887462
153,728,744,49,2024-06-11,1087957
154,466,659,27,2024-01-20,199333
155,235,272,11,2024-10-07,190654
156,333,938,98,2024-04-14,622112
157,979,1091,20,2024-04-28,1365666
158,346,911,38,2024-07-24,1038845
159,950,748,1,2024-09-13,91161
160,88,675,9,2024-07-07,615847
161,555,1391,19,2024-03-12,613444
162,578,1410,64,2025-01-15,1189672
163,538,73,49,2023-08-22,760104
164,99,523,6,2023-11-10,1408526
165,122,430,60,2024-12-21,689942
166,19,274,76,2024-08-25,659861
167,518,1484,78,2024-10-11,1391659
168,704,1069,32,2024-08-30,309495
169,237,670,89,2024-04-06,598792
170,704,718,7,2023-08-23,461191
171,606,1316,18,2023-05-23,513954
172,771,43,42,2023-06-03,1005430
173,326,354,83,2023-10-02,1056533
174,712,562,58,2024-03-17,1137780
175,96,1079,96,2024-05-31,201794
176,313,571,29,2023-12-31,1493626
177,647,421,74,2024-09-05,245123
178,445,496,80,2023-07-16,344429
179,79,90,97,2025-04-30,651610
180,292,872,50,2023-10-23,690549
181,424,151,60,2024-07-23,1466232
182,67,1126,65,2024-09-27,430038
183,586,1075,88,2023-06-30,1307731
184,636,525,46,2024-09-21,115676
185,201,180,100,2024-06-07,233726
186,36,693,84,2025-01-03,521944
187,370,634,5,2024-10-18,92662
188,799,345,63,2023-08-22,1337745
189,825,1243,99,2024-01-27,159917
190,431,800,66,2024-02-11,929758
191,873,958,65,2024-03-11,1298380
192,765,1192,1,2024-02-07,1182931
193,893,1232,81,2023-12-23,1234755
194,237,1189,60,2024-11-19,106396
195,391,700,13,2024-06-16,277183
196,584,957,23,2024-04-16,1278296
197,295,586,63,2024-02-04,1347083
198,617,282,68,2023-08-01,1138197
199,808,283,31,2024-07-31,232355
200,542,893,99,2024-01-22,1411039
201,737,1304,68,2025-04-23,1182818
202,923,885,61,2025-01-30,220511
203,329,1039,48,2024-03-03,1061543
204,944,50,93,2024-08-31,206656
205,808,565,32,2023-10-17,912858
206,171,422,93,2025-01-14,1061851
207,436,48,46,2024-01-18,883796
208,733,1102,82,2024-01-21,687850
209,658,177,51,2023-07-24,173183
210,947,507,34,2024-09-07,896272
211,567,153,13,2024-01-30,918656
212,811,963,83,2024-03-25,1383551
213,541,1362,42,2025-04-04,438082
214,996,1401,40,2023-12-01,510499
215,577,669,36,2024-01-20,183991
216,771,112,51,2025-02-02,378967
217,207,1280,94,2025-03-07,1152567
218,977,1378,53,2023-09-22,780374
219,726,1201,100,2024-09-01,487619
220,823,296,46,2023-12-19,662311
221,333,1205,2,2024-04-19,533354
222,254,741,89,2024-06-11,1268679
223,215,1136,57,2024-12-25,916445
224,562,979,3,2023-06-05,1297880
225,995,737,40,2024-08-30,1052339
226,613,454,4,2024-01-16,1010166
227,281,912,90,2025-05-09,1276441
228,212,1397,78,2023-12-28,1484043
229,373,1139,43,2023-10-24,1275973
230,37,751,18,2024-10-04,1398114
231,624,144,32,2023-11-24,570118
232,729,1102,63,2024-05-14,655607
233,295,641,13,2024-06-14,974742
234,410,356,31,2024-05-21,174726
235,279,269,12,2024-09-22,1110720
236,315,732,95,2024-09-13,1301594
237,328,933,38,2023-11-29,365146
238,159,950,13,2025-01-16,1349142
239,941,1345,31,2024-04-02,1307695
240,697,83,61,2024-04-07,167204
241,197,1260,11,2023-11-12,630969
242,646,1247,37,2025-03-12,977129
243,942,412,39,2025-05-03,472451
244,550,897,17,2024-11-26,929259
245,770,1199,6,2023-12-20,1149376
246,89,695,33,2025-01-30,645070
247,461,486,58,2025-02-06,816481
248,354,1069,60,2024-08-06,234171
249,526,1496,93,2024-01-02,1305705
250,9,1349,30,2024-05-10,150418
251,748,24,98,2024-12-30,1448702
252,766,1206,35,2023-11-26,997074
253,961,769,91,2024-12-07,161847
254,148,1407,100,2024-04-20,251781
255,197,510,63,2023-08-04,360333
256,886,973,76,2024-01-15,1069574
257,896,824,79,2024-01-27,725263
258,367,1070,18,2024-02-25,1269764
259,276,264,14,2023-11-01,569476
260,301,325,86,2023-11-17,727390
261,249,705,24,2024-10-01,1423658
262,938,1172,15,2024-05-26,1407786
263,77,99,23,2024-03-30,1125527
264,469,212,83,2025-04-11,918713
265,380,944,67,2024-11-16,851654
266,307,981,31,2023-05-26,716178
267,831,1413,37,2025-03-19,693747
268,761,1464,26,2024-07-23,1378282
269,452,1266,68,2023-09-23,306311
270,138,1327,21,2023-06-21,1402073
271,176,347,21,2024-04-28,1238545
272,399,1458,63,2023-07-15,1440930
273,778,139,55,2024-11-22,294099
274,637,830,40,2024-01-30,754592
275,924,137,61,2025-01-15,1030563
276,131,1429,90,2024-09-05,460563
277,217,583,50,2023-11-03,764661
278,613,343,41,2023-11-20,1169102
279,270,452,77,2024-10-17,227913
280,42,1211,36,2024-07-12,465899
281,31,872,3,2024-02-08,566286
282,812,1396,32,2024-02-02,876076
283,568,494,26,2024-04-22,924735
284,458,1462,69,2024-05-17,1314339
285,704,798,77,2023-11-23,829534
286,566,385,99,2025-02-03,139775
287,394,303,53,2024-06-19,235694
288,904,1163,51,2023-06-04,647229
289,417,1428,56,2024-01-07,290216
290,67,1404,29,2024-06-09,1178519
291,285,1154,78,2024-12-30,468637
292,256,152,73,2024-03-05,786908
293,373,889,40,2024-04-18,277477
294,626,153,6,2024-11-11,271777
295,819,479,22,2024-03-29,1499784
296,272,943,100,2025-05-07,564476
297,264,3,61,2024-11-27,314623
298,515,1323,85,2023-07-16,1141438
299,171,1030,93,2023-06-11,1112238
300,810,1252,34,2023-07-29,1093611
301,550,1452,32,2024-03-13,527402
302,731,879,80,2024-12-25,1440003
303,249,1092,38,2024-08-23,179835
304,417,1495,4,2025-05-01,888063
305,918,426,38,2023-11-03,153298
306,447,1461,82,2024-01-19,1224030
307,321,1043,100,2024-10-19,1172962
308,488,301,94,2024-07-09,1303171
309,40,486,39,2023-09-23,323431
310,865,23,38,2024-08-12,515963
311,431,795,30,2025-01-06,982550
312,491,154,92,2024-12-29,810756
313,289,168,88,2024-11-08,1112362
314,200,3,14,2023-12-07,1171819
315,69,1453,2,2024-11-26,1362762
316,272,1022,3,2023-10-12,1155447
317,234,297,67,2024-04-16,1432868
318,194,565,20,2025-01-09,1315469
319,982,1283,40,2024-11-08,1239848
320,683,657,45,2023-09-07,1469815
321,28,862,6,2024-10-04,309661
322,510,871,14,2023-11-25,195375
323,850,558,73,2024-01-28,1401591
324,508,1081,95,2025-04-27,330718
325,339,144,84,2024-05-27,1336569
326,273,739,45,2024-05-23,244540
327,540,1316,37,2025-05-07,862707
328,51,1434,67,2024-11-10,1444532
329,177,464,6,2025-02-12,366359
330,994,544,3,2024-02-18,622576
331,305,863,97,2023-10-15,1337025
332,714,969,60,2023-09-06,154507
333,233,1005,21,2024-10-06,1268437
334,389,1260,76,2023-11-07,1109522
335,122,8,31,2024-11-17,1251465
336,221,680,9,2023-10-17,1232011
337,186,1263,21,2024-10-16,965768
338,306,1036,48,2025-02-12,888918
339,44,1044,67,2024-12-17,1203779
340,991,500,51,2023-09-30,668462
341,391,1045,71,2024-04-02,323192
342,764,1439,96,2024-12-12,617338
343,763,699,94,2023-06-25,568721
344,490,564,30,2025-02-15,72755
345,856,788,20,2025-04-05,1134531
346,247,772,20,2025-04-07,989076
347,123,375,22,2024-09-10,1209325
348,686,103,67,2024-01-18,1388020
349,543,63,19,2024-10-13,1107551
350,577,1160,68,2025-02-08,97031
351,8,1321,17,2024-08-07,497609
352,448,1002,26,2023-09-04,1289498
353,719,468,32,2024-08-01,264417
354,190,155,25,2023-11-13,578632
355,222,832,64,2023-08-27,264300
356,376,865,27,2024-04-12,1115021
357,65,1388,66,2024-10-22,568313
358,277,112,47,2023-09-09,681024
359,170,607,63,2025-03-29,273295
360,563,1132,45,2024-12-22,1355307
361,54,1487,13,2024-09-02,993400
362,644,1245,35,2023-12-04,461953
363,209,924,3,2024-03-18,1183440
364,979,1391,13,2023-09-09,98162
365,355,651,71,2024-01-16,895193
366,362,942,71,2025-04-23,90394
367,435,97,84,2024-01-12,1272396
368,746,1035,36,2024-11-02,312762
369,400,1346,9,2023-12-30,157987
370,838,804,98,2025-03-26,770970
371,538,1351,20,2023-12-10,562294
372,708,725,52,2023-11-15,978739
373,584,1418,91,2024-02-04,1027974
374,338,911,54,2023-11-04,491041
375,7,1430,72,2024-07-18,490895
376,890,588,73,2025-02-23,587352
377,580,274,6,2024-04-26,822273
378,128,665,24,2024-08-28,300888
379,284,893,65,2024-08-18,945420
380,523,641,11,2024-08-12,740838
381,968,1420,34,2025-04-01,421176
382,139,271,9,2025-02-11,137470
383,297,611,39,2024-08-10,608830
384,30,701,83,2024-05-16,331347
385,979,250,24,2023-10-28,456206
386,798,56,31,2023-07-28,1323358
387,147,697,48,2024-07-12,553371
388,181,267,48,2024-02-09,1085680
389,578,655,14,2023-09-14,192122
390,479,304,26,2023-06-21,1312670
391,905,1416,8,2023-06-30,1296318
392,541,632,58,2023-10-04,229265
393,633,551,15,2023-07-29,1078592
394,383,1071,13,2024-07-29,407427
395,275,234,93,2023-06-06,985679
396,712,1191,51,2025-01-10,1244265
397,262,1105,70,2024-03-29,1416211
398,928,688,10,2025-01-11,1261262
399,610,1161,91,2023-12-30,498389
400,599,1385,36,2023-08-19,1162973
401,771,9,86,2025-03-14,1470352
402,90,560,36,2023-10-17,1393403
403,487,149,40,2023-09-10,921224
404,876,529,75,2024-07-11,1484912
405,964,1116,15,2024-09-21,185185
406,3,340,87,2024-09-19,501891
407,313,590,79,2024-07-23,103275
408,892,1030,19,2024-07-07,1010425
409,663,1267,1,2024-06-18,787634
410,877,1265,36,2023-07-23,739690
411,462,1467,17,2023-05-17,441975
412,98,902,33,2025-03-02,868872
413,689,709,54,2023-11-27,174017
414,856,441,47,2024-03-15,936423
415,266,736,100,2024-09-30,1343316
416,482,863,56,2025-01-07,939356
417,34,327,89,2024-03-13,1346412
418,281,1063,55,2024-05-22,869937
419,769,814,26,2024-07-21,763521
420,978,1487,13,2023-08-16,237217
421,5,310,37,2023-08-19,839417
422,797,47,49,2024-06-10,352692
423,554,1452,35,2024-03-16,951731
424,427,658,9,2025-02-01,653516
425,789,1178,39,2024-07-25,300446
426,15,450,5,2024-12-30,816143
427,5,298,48,2024-12-30,197395
428,747,1135,84,2024-07-26,211061
429,178,585,25,2023-09-09,423606
430,161,1157,40,2025-01-08,405383
431,104,1046,29,2023-07-23,499511
432,629,432,25,2024-03-13,1215262
433,223,954,69,2024-12-02,630419
434,260,418,14,2023-11-09,794203
435,192,455,46,2024-05-21,860882
436,173,1310,28,2025-01-16,402210
437,706,252,37,2024-02-15,704634
438,804,611,14,2025-02-17,1491840
439,986,289,27,2024-09-15,239541
440,6,153,87,2024-01-28,661178
441,707,823,9,2024-05-25,837095
442,285,857,36,2025-01-10,1332415
443,939,348,26,2024-10-25,1087066
444,743,1244,70,2024-05-31,660025
445,666,212,99,2024-05-06,432569
446,730,530,13,2025-01-20,324477
447,779,836,67,2023-10-25,318611
448,777,829,44,2024-05-13,121962
449,569,713,16,2024-04-21,488751
450,694,957,36,2023-09-10,445987
451,205,706,5,2023-12-20,928246
452,567,539,78,2025-01-15,1259202
453,901,1142,71,2024-12-05,934681
454,796,48,22,2024-05-09,1322794
455,98,1429,24,2023-06-04,711964
456,403,1378,25,2024-10-30,1381612
457,658,607,88,2023-05-17,212657
458,587,979,60,2025-04-12,575646
459,155,21,62,2025-05-10,846190
460,163,1462,100,2024-05-15,744273
461,477,313,72,2023-08-31,354816
462,612,1298,46,2024-04-11,66879
463,147,1326,1,2024-01-30,101191
464,563,536,62,2025-02-24,149955
465,699,584,95,2025-04-16,961163
466,617,1371,20,2024-06-01,1117261
467,734,858,18,2024-02-17,487126
468,424,743,66,2024-01-11,1302482
469,342,1212,57,2025-01-25,1140436
470,57,990,2,2024-01-24,416211
471,342,315,80,2025-05-09,881097
472,259,612,68,2023-06-19,203472
473,370,97,19,2023-11-28,1017678
474,507,520,62,2025-03-28,790196
475,127,635,80,2023-07-06,497055
476,820,1372,26,2024-10-31,380142
477,664,809,17,2023-07-19,591889
478,988,1375,75,2024-07-02,60046
479,988,1116,14,2023-11-10,984025
480,78,329,39,2023-07-29,612530
481,390,1417,52,2024-08-03,268403
482,616,1105,81,2023-12-24,214660
483,640,455,92,2024-04-04,1128459
484,497,673,91,2025-04-26,1175538
485,576,277,41,2024-11-01,139256
486,307,941,25,2024-06-04,1333537
487,781,468,74,2023-09-13,789997
488,565,15,31,2025-01-24,182438
489,581,1114,10,2024-06-28,509343
490,264,1038,42,2023-11-01,1347274
491,322,1290,19,2024-09-10,552616
492,854,798,2,2023-08-15,401173
493,808,1211,18,2023-06-02,509688
494,8,526,56,2023-07-04,883786
495,297,1189,3,2024-03-27,373476
496,235,1384,83,2024-01-16,1314994
497,736,776,52,2023-07-06,1250429
498,841,1217,87,2025-04-08,829129
499,970,738,98,2023-06-19,748798
500,529,177,17,2024-05-05,706185
501,398,50,62,2024-05-29,213941
502,558,1317,21,2023-11-01,1295733
503,271,76,30,2023-12-14,1080287
504,316,1223,61,2024-12-21,359353
505,61,105,2,2025-03-28,223175
506,378,1399,79,2025-02-02,1307028
507,30,1172,98,2024-02-08,1402054
508,979,986,66,2024-07-11,1006614
509,879,1298,46,2024-12-29,535810
510,40,13,59,2024-05-25,786288
511,925,647,87,2023-09-13,791927
512,646,100,37,2023-07-13,97441
513,516,391,57,2024-03-21,428556
514,294,999,5,2023-09-17,63767
515,412,1005,38,2024-10-13,953719
516,88,187,85,2025-01-21,755254
517,214,358,40,2025-02-26,1167514
518,771,1141,35,2024-11-01,923677
519,619,1161,44,2025-04-17,701756
520,188,142,1,2024-05-20,818990
521,550,1233,90,2024-12-24,940509
522,808,893,77,2024-02-10,206413
523,588,40,43,2024-01-07,407200
524,958,907,91,2024-08-30,458725
525,218,740,98,2024-06-01,330129
526,184,604,94,2025-03-19,170195
527,406,347,40,2024-03-27,310923
528,471,625,40,2024-05-18,369910
529,157,446,16,2024-08-07,1298931
530,227,30,43,2024-01-06,78852
531,88,222,91,2024-06-04,1212294
532,12,1255,50,2023-10-14,1400834
533,789,1189,67,2025-04-10,519266
534,863,22,94,2024-02-01,324395
535,445,1294,61,2025-04-07,1343181
536,134,541,9,2024-01-05,216945
537,518,107,84,2024-03-12,98311
538,17,187,99,2024-07-10,125171
539,700,799,66,2025-03-23,116250
540,490,57,48,2023-12-20,245774
541,5,1283,64,2025-01-07,388021
542,90,313,9,2024-03-15,952173
543,94,1355,37,2023-09-03,759194
544,350,747,14,2023-11-28,602617
545,543,686,25,2024-02-11,708019
546,29,686,98,2024-07-20,485042
547,871,569,56,2024-08-04,136148
548,147,840,31,2024-03-01,427784
549,540,1324,43,2024-06-07,810458
550,543,177,4,2023-10-14,239882
551,676,520,60,2024-12-06,73013
552,962,466,21,2024-04-08,253510
553,629,543,59,2023-05-12,927025
554,879,1072,73,2023-10-07,1438277
555,389,798,97,2023-07-03,834161
556,760,1378,55,2025-04-24,391630
557,239,287,26,2023-11-11,321912
558,351,974,45,2024-05-20,626560
559,384,960,77,2025-03-19,1358767
560,641,381,30,2024-12-23,1484854
561,531,1451,23,2024-11-18,637595
562,34,845,27,2023-10-24,580418
563,145,1193,91,2024-09-28,1420546
564,649,287,20,2024-04-29,766659
565,657,493,10,2025-04-01,811717
566,680,927,5,2024-03-01,589942
567,837,690,12,2024-10-02,1002172
568,926,570,52,2024-10-08,754754
569,954,395,82,2024-01-14,476811
570,884,394,74,2024-05-02,410538
571,189,834,35,2024-01-05,105528
572,17,144,60,2024-05-29,471220
573,593,786,93,2024-06-13,799624
574,662,277,79,2023-12-14,1266604
575,690,374,34,2024-01-30,923792
576,463,928,17,2024-12-05,713171
577,764,953,28,2023-12-14,71483
578,786,503,93,2024-07-14,961716
579,428,932,40,2023-11-07,1090469
580,375,82,6,2025-05-04,674690
581,434,603,16,2023-07-17,1055229
582,530,714,31,2023-06-29,226338
583,785,1389,65,2023-10-31,260826
584,910,499,63,2025-04-24,306953
585,510,58,42,2023-10-18,297289
586,507,55,28,2024-09-05,1011789
587,507,1143,36,2025-01-18,661462
588,360,783,71,2023-07-01,629799
589,99,205,93,2023-08-10,1062918
590,445,759,61,2024-05-01,418572
591,44,510,13,2023-06-24,220629
592,583,11,79,2025-03-17,132709
593,629,883,38,2023-10-11,441832
594,945,590,86,2023-12-23,1051482
595,585,668,79,2023-09-28,403046
596,836,365,57,2024-06-21,973619
597,522,889,88,2024-12-19,1323300
598,545,92,97,2024-06-25,1038326
599,64,854,38,2023-12-25,307270
600,587,1184,71,2024-03-03,737269
601,177,241,47,2023-08-28,524384
602,234,1487,69,2024-01-23,1258576
603,884,1296,77,2024-03-13,103613
604,24,973,98,2024-05-11,880577
605,254,739,11,2024-04-07,234027
606,717,1102,30,2023-10-03,975110
607,82,527,54,2024-05-31,697445
608,246,832,53,2025-03-24,727566
609,451,754,23,2023-08-29,471169
610,177,933,29,2024-01-17,616222
611,145,1422,44,2024-05-28,446308
612,561,310,12,2024-12-17,1136725
613,550,126,49,2023-06-12,1212997
614,803,950,96,2024-05-07,480877
615,462,125,62,2024-11-21,387706
616,16,314,36,2025-04-17,223156
617,245,463,69,2024-01-29,69386
618,742,640,43,2024-03-25,1488731
619,374,466,17,2023-12-18,1317454
620,469,262,51,2025-04-16,276262
621,892,65,22,2023-08-30,485105
622,677,739,44,2025-03-23,75172
623,413,1130,63,2024-06-19,642144
624,250,857,17,2023-12-02,672513
625,20,868,48,2023-10-10,478856
626,758,207,54,2024-11-13,594476
627,109,1151,33,2023-11-03,1426887
628,790,1259,8,2025-01-09,1199938
629,572,1273,88,2024-02-08,770174
630,115,755,49,2024-02-26,1007288
631,930,1290,58,2025-03-31,1366160
632,198,900,78,2025-05-09,1288606
633,161,1109,18,2025-05-11,1483610
634,138,1145,37,2024-01-20,576544
635,851,894,54,2024-08-30,354965
636,754,1399,16,2023-08-02,1042626
637,154,773,37,2024-02-21,217467
638,794,801,6,2024-09-09,775922
639,274,965,61,2023-06-17,1056876
640,824,1002,18,2024-10-18,120728
641,336,1153,4,2025-01-06,1491053
642,230,316,12,2023-08-12,179420
643,661,1486,1,2023-12-24,1129173
644,73,536,85,2025-02-20,1075718
645,954,180,17,2023-11-09,287126
646,883,609,10,2024-02-25,883180
647,283,1350,85,2024-12-16,1366826
648,601,1092,30,2024-05-14,653956
649,820,486,80,2023-09-19,1194025
650,580,429,77,2024-01-19,184019
651,460,890,48,2024-09-22,688051
652,721,381,61,2024-05-18,944536
653,578,1298,98,2024-08-11,505380
654,406,446,25,2024-05-10,1321741
655,706,35,50,2023-07-13,1299703
656,77,527,70,2023-09-09,722705
657,818,1321,11,2024-05-04,915210
658,966,1108,34,2024-06-30,633236
659,960,15,79,2024-11-12,1481823
660,434,916,27,2024-07-22,195387
661,637,256,36,2025-03-15,327316
662,697,987,28,2024-03-16,648153
663,795,188,72,2024-02-10,407485
664,516,647,25,2023-11-28,284359
665,435,92,31,2025-01-15,1258964
666,961,1019,29,2023-09-03,634332
667,854,681,96,2023-06-07,1022906
668,458,238,31,2025-02-06,122006
669,342,843,74,2024-10-09,536236
670,567,786,8,2024-01-14,407247
671,465,1125,81,2024-11-07,577507
672,911,883,3,2024-01-06,362121
673,425,1231,91,2024-07-22,1256915
674,522,143,81,2024-12-24,1047089
675,416,611,39,2024-10-01,652386
676,580,216,76,2025-03-26,838337
677,988,213,60,2024-10-02,1216966
678,316,976,40,2023-12-12,1190281
679,19,1329,11,2023-08-05,470199
680,785,1085,92,2024-03-30,1239279
681,202,1171,6,2024-03-23,1333709
682,488,996,56,2023-10-17,1045002
683,526,841,99,2023-12-10,99787
684,249,197,96,2024-12-19,591685
685,603,393,96,2024-07-21,63370
686,797,143,27,2024-03-25,1280386
687,392,1312,56,2023-07-30,140522
688,94,250,35,2023-11-09,1380967
689,968,103,79,2024-07-07,1459871
690,253,1283,66,2024-10-26,267515
691,355,100,86,2025-02-22,855406
692,773,422,16,2024-01-24,701749
693,566,937,72,2024-03-06,762243
694,284,526,89,2023-10-19,728064
695,86,1021,63,2024-07-16,234276
696,934,1209,94,2024-07-03,1182855
697,688,985,67,2023-09-13,960216
698,321,1322,41,2024-05-23,1329966
699,995,466,98,2025-02-02,97280
700,15,319,38,2023-06-02,1158204
701,918,228,22,2025-01-01,245172
702,721,1154,11,2023-12-25,625656
703,208,717,5,2024-10-16,1354451
704,768,1272,21,2024-05-25,287622
705,403,1018,39,2023-07-01,600774
706,77,1157,52,2024-12-03,1003186
707,811,286,14,2024-06-05,141888
708,150,208,16,2023-05-31,1364844
709,278,477,37,2024-02-20,659288
710,66,698,5,2024-06-18,347188
711,87,864,31,2024-01-31,653450
712,608,1153,93,2023-10-12,1224210
713,88,878,78,2024-03-10,579922
714,959,990,61,2023-06-12,299024
715,76,509,42,2023-05-18,853115
716,97,391,58,2023-12-24,353578
717,604,640,27,2024-12-09,1053000
718,195,928,66,2024-05-26,1299494
719,178,277,95,2024-05-25,839614
720,86,797,77,2024-01-12,1268662
721,329,440,84,2024-07-18,970032
722,655,309,19,2025-01-06,1074427
723,859,524,39,2025-01-31,264709
724,71,1189,23,2025-03-17,1408192
725,187,695,51,2024-01-05,1340081
726,903,1480,44,2024-03-20,450096
727,399,29,47,2024-10-23,62614
728,504,356,84,2025-04-01,1048386
729,719,126,58,2024-12-25,773130
730,627,653,12,2025-02-10,441438
731,469,512,26,2023-11-06,785366
732,662,782,39,2023-05-17,1499157
733,178,711,10,2024-03-08,1072659
734,488,627,30,2024-04-05,1323314
735,495,753,1,2024-12-03,679932
736,906,1019,10,2025-04-18,375904
737,658,212,13,2024-03-23,690985
738,811,149,69,2024-10-27,1400716
739,851,158,10,2025-04-02,791545
740,256,124,57,2025-03-03,795699
741,915,1324,8,2024-01-05,1484522
742,592,1047,13,2024-07-05,894563
743,5,438,73,2023-10-05,1403348
744,936,302,80,2023-08-17,560543
745,305,1465,35,2024-12-30,651842
746,96,322,96,2023-09-30,125044
747,352,1377,2,2023-11-18,358650
748,694,1178,47,2024-03-21,595863
749,915,1488,100,2023-06-14,497129
750,261,476,71,2024-11-11,291589
751,518,90,13,2024-05-31,1177560
752,833,689,51,2024-02-12,530694
753,165,1251,68,2024-12-27,520365
754,288,1033,57,2023-05-21,689510
755,393,683,6,2024-07-28,294748
756,150,582,60,2023-09-22,62445
757,129,515,33,2024-05-29,1354749
758,856,1482,95,2023-11-15,158243
759,40,32,55,2024-12-04,406555
760,944,779,41,2024-01-19,671629
761,702,281,22,2023-08-19,1307741
762,576,699,74,2024-12-18,956399
763,393,625,29,2023-06-22,873332
764,802,28,62,2023-05-14,834857
765,339,162,98,2023-10-07,136810
766,99,587,69,2024-10-22,610329
767,830,884,12,2025-01-14,1083943
768,312,892,15,2025-04-21,1084875
769,794,395,1,2023-11-04,1493213
770,205,160,70,2025-05-01,1170558
771,381,1244,91,2023-11-08,1150188
772,860,769,80,2024-08-26,144439
773,489,1478,46,2024-12-18,997685
774,959,463,27,2024-08-15,808408
775,748,28,5,2024-10-12,419108
776,501,361,16,2023-06-11,631417
777,167,683,41,2024-08-12,509813
778,194,398,42,2024-04-13,482116
779,867,463,37,2024-11-22,290389
780,455,1434,63,2025-01-10,291968
781,104,271,27,2023-08-11,800354
782,891,1067,59,2024-09-16,1143628
783,573,875,55,2024-04-09,219979
784,573,422,58,2023-09-29,582502
785,780,1429,12,2023-10-15,238909
786,305,755,87,2023-09-04,762845
787,794,1350,46,2024-05-02,1307928
788,762,1007,35,2023-12-10,1478014
789,511,830,74,2023-08-19,987710
790,808,170,57,2024-07-16,1240398
791,685,882,51,2024-03-16,862000
792,803,1379,7,2024-07-01,564691
793,251,994,51,2024-12-20,231098
794,105,1010,67,2024-03-31,154559
795,348,745,86,2024-05-20,1124965
796,852,1041,18,2024-03-04,1386100
797,89,464,29,2024-03-27,269931
798,772,814,95,2023-05-25,969065
799,297,1463,76,2025-02-05,384787
800,913,663,43,2025-04-11,1121192
801,668,315,31,2024-05-15,1115754
802,516,984,79,2024-02-26,667375
803,865,487,89,2024-09-28,63665
804,802,1018,3,2024-12-04,178080
805,345,1476,37,2024-02-13,1048335
806,715,642,54,2024-04-22,767411
807,424,645,9,2023-12-03,853111
808,94,456,68,2023-06-12,591693
809,766,1247,30,2023-06-19,1241944
810,406,1132,9,2023-06-02,174523
811,28,907,78,2024-06-07,1127638
812,399,875,36,2024-06-20,1372166
813,894,146,74,2023-06-30,374201
814,345,505,4,2023-06-06,332641
815,731,622,63,2023-08-09,1204212
816,59,159,38,2023-06-10,822353
817,244,391,99,2024-12-30,616034
818,967,784,75,2023-07-18,720996
819,792,156,53,2024-08-31,197267
820,294,1330,42,2024-12-12,298170
821,425,1119,94,2024-09-10,1280820
822,161,133,30,2024-03-04,1323579
823,725,644,23,2023-07-13,72064
824,730,198,80,2023-12-27,199181
825,720,714,28,2025-03-09,290598
826,552,1217,26,2024-12-23,588457
827,783,895,14,2025-04-27,1462028
828,987,1305,61,2023-11-13,526351
829,991,973,46,2023-09-21,1345230
830,229,986,74,2023-11-04,755802
831,186,813,53,2023-08-01,655126
832,429,514,36,2023-07-21,192507
833,517,1416,72,2023-07-25,95068
834,633,407,69,2024-02-08,647932
835,576,141,64,2024-12-10,735012
836,622,92,94,2025-02-08,64393
837,925,17,17,2023-07-06,835259
838,109,345,21,2024-12-07,1019408
839,993,1059,90,2024-04-06,599950
840,813,177,97,2024-01-08,422537
841,862,934,36,2025-01-05,960275
842,932,545,31,2024-07-12,472834
843,722,456,11,2024-06-04,1450469
844,247,541,23,2024-04-12,83581
845,856,752,38,2023-09-09,830232
846,1,478,6,2023-07-30,1197736
847,223,1113,81,2023-09-29,1263848
848,436,59,10,2025-02-14,1059918
849,678,1055,7,2024-11-23,1459491
850,929,1037,51,2023-10-17,198128
851,549,703,5,2023-08-08,448790
852,270,574,33,2023-08-22,1055644
853,596,1433,75,2025-02-25,1228682
854,691,850,52,2023-05-18,1357978
855,23,913,43,2025-04-08,607587
856,906,152,74,2023-07-16,568115
857,349,733,28,2025-02-06,1275458
858,691,363,51,2023-09-29,373258
859,282,1416,88,2024-04-13,384316
860,116,432,77,2024-09-05,1035243
861,155,109,23,2024-03-31,979609
862,369,890,50,2023-06-02,211045
863,906,1051,49,2024-07-19,1225279
864,432,490,7,2024-04-17,1137765
865,665,965,78,2025-04-17,1186240
866,166,1421,42,2023-08-17,918589
867,525,355,18,2023-08-28,700560
868,404,1255,28,2023-09-23,943422
869,150,1056,1,2023-09-24,997770
870,655,1371,67,2024-05-02,351086
871,92,1378,8,2024-05-01,1472934
872,624,812,94,2023-12-03,371627
873,413,148,34,2023-09-27,861532
874,875,507,28,2023-06-05,1079066
875,449,728,73,2023-09-04,1189926
876,996,339,70,2024-04-14,1434593
877,152,1376,85,2024-05-26,211589
878,96,463,24,2023-05-18,1238832
879,251,655,79,2023-11-03,693613
880,625,308,65,2025-03-13,1347795
881,934,428,32,2024-03-13,542064
882,416,340,38,2025-03-31,683296
883,455,1210,64,2024-05-08,1159242
884,882,1483,47,2025-04-30,618984
885,569,317,18,2024-08-17,669247
886,495,241,81,2024-04-24,866655
887,580,1159,81,2024-10-21,355821
888,559,1372,96,2024-06-29,921703
889,606,946,70,2023-06-07,66502
890,690,1450,28,2024-07-16,154440
891,29,1292,61,2024-07-03,1458942
892,993,7,24,2024-08-01,162691
893,607,59,43,2023-10-09,486688
894,353,1062,93,2024-11-11,575571
895,36,592,23,2025-02-11,964616
896,9,106,26,2024-01-04,1199680
897,265,1233,91,2024-04-10,1222559
898,718,1440,53,2025-01-26,821078
899,938,1448,96,2024-06-17,272384
900,1,88,62,2023-12-14,1144644
901,612,1140,23,2024-08-04,255825
902,302,15,66,2023-07-31,852931
903,206,310,26,2024-07-14,218341
904,599,734,27,2023-10-17,1371058
905,900,632,79,2023-10-20,141922
906,998,756,32,2023-07-18,271554
907,441,315,84,2024-03-18,892793
908,84,775,78,2024-01-16,1368744
909,790,1075,64,2023-12-28,476580
910,501,1317,65,2023-09-25,590420
911,398,968,78,2024-07-29,138950
912,928,522,1,2024-09-06,216019
913,848,1044,82,2024-03-16,1288859
914,330,1167,50,2023-10-30,1075109
915,618,757,66,2023-07-08,408119
916,609,1397,53,2024-02-04,364195
917,816,112,23,2024-11-11,1195586
918,589,300,87,2024-11-12,618171
919,245,679,21,2023-12-01,719395
920,628,1341,7,2023-11-25,724835
921,253,1112,47,2025-02-06,464627
922,100,1396,56,2024-03-09,552128
923,253,1150,42,2025-01-12,900905
924,96,282,74,2024-11-19,990488
925,691,315,52,2023-09-20,1281222
926,404,236,44,2025-02-25,719758
927,835,1141,91,2023-12-18,283546
928,978,501,68,2024-06-24,1442089
929,719,83,39,2025-01-16,715794
930,678,383,50,2025-04-29,442474
931,424,1026,84,2024-10-21,1174346
932,930,894,17,2023-10-05,635361
933,178,956,6,2024-07-19,163575
934,978,1432,9,2023-05-22,939296
935,293,1239,21,2023-11-08,738389
936,651,823,53,2023-06-22,1022297
937,869,1264,82,2024-08-25,629475
938,19,1062,40,2024-10-13,998779
939,392,477,97,2024-02-06,191757
940,597,825,17,2024-04-20,85841
941,915,1026,43,2024-12-13,621589
942,543,1130,99,2024-08-10,694535
943,388,960,75,2024-01-10,1495270
944,48,1220,24,2023-06-27,1016947
945,992,721,34,2024-05-19,338098
946,952,255,85,2024-05-14,605955
947,238,491,8,2023-05-27,773994
948,122,154,78,2025-03-22,721803
949,209,1090,11,2025-03-27,982614
950,83,1203,88,2023-10-08,1390500
951,791,1329,67,2023-08-06,634910
952,759,90,50,2023-11-29,1252264
953,77,1341,58,2024-03-29,1166650
954,378,1430,91,2023-05-15,1184379
955,783,235,71,2024-08-17,743057
956,15,83,47,2024-08-27,887691
957,94,1189,36,2024-09-27,637767
958,519,1427,34,2024-10-03,475704
959,803,1331,16,2023-12-19,1485372
960,966,362,42,2023-06-04,450609
961,292,84,10,2023-07-19,1358822
962,262,509,37,2025-02-02,246848
963,471,536,33,2025-05-11,665153
964,80,298,74,2024-06-27,209829
965,813,1380,51,2023-07-15,1468475
966,864,72,75,2023-09-03,1137965
967,606,406,37,2023-11-17,136846
968,271,361,4,2025-02-09,1328841
969,726,1073,22,2025-03-28,790650
970,65,128,36,2025-01-18,136699
971,816,73,87,2023-11-08,108311
972,83,1448,58,2023-11-13,1137473
973,201,979,10,2024-10-16,324454
974,349,1057,62,2025-02-07,1460479
975,586,1164,87,2023-11-19,1320636
976,927,385,17,2024-03-15,1034205
977,437,1321,34,2023-09-21,1378475
978,65,797,55,2024-04-22,903405
979,399,433,71,2024-08-29,554695
980,872,60,26,2024-04-21,1240398
981,377,53,25,2024-05-03,1127329
982,233,927,23,2024-09-10,314647
983,945,4,92,2023-09-25,1068479
984,184,13,68,2024-09-30,1203286
985,354,23,69,2025-04-26,517476
986,494,615,67,2023-12-15,136047
987,872,1034,63,2023-12-10,822164
988,548,926,1,2023-10-26,1044935
989,456,1474,91,2024-01-25,769681
990,719,1340,98,2023-06-25,1289625
991,426,822,80,2025-03-14,275172
992,130,1185,31,2023-09-14,1423673
993,351,1112,65,2025-01-11,861559
994,813,1336,62,2023-11-26,958288
995,229,164,91,2024-08-03,562800
996,321,1445,71,2023-06-02,1296054
997,466,639,91,2024-01-13,883050
998,827,1089,16,2024-05-01,119757
999,861,145,100,2024-08-25,1413646
1000,669,1207,96,2024-12-09,1495015
1001,169,912,41,2024-10-15,307479
1002,346,1092,21,2025-05-03,1340286
1003,512,1489,11,2024-01-29,221056
1004,35,403,50,2023-07-02,852456
1005,225,1179,3,2023-06-25,691093
1006,531,1234,45,2024-06-13,1020194
1007,742,1089,100,2024-08-01,705075
1008,683,732,36,2023-09-28,530371
1009,481,1312,19,2024-04-30,895907
1010,360,546,1,2024-09-10,873666
1011,933,1184,46,2023-06-13,699497
1012,206,309,81,2023-12-17,101111
1013,940,71,93,2023-05-19,993104
1014,243,1425,56,2025-01-06,1090571
1015,648,97,13,2024-01-23,562625
1016,527,448,85,2025-04-18,1015331
1017,446,1034,9,2024-04-27,1231168
1018,512,906,30,2023-12-03,647643
1019,73,1493,42,2024-07-05,709706
1020,825,60,72,2024-12-03,435689
1021,873,164,28,2024-12-30,948993
1022,246,1376,69,2025-04-07,1321642
1023,227,197,68,2023-10-06,814129
1024,497,947,92,2024-05-31,1240997
1025,386,677,83,2023-11-01,639355
1026,373,144,83,2023-08-30,171763
1027,151,797,74,2023-06-15,514939
1028,721,1034,90,2023-08-31,795406
1029,349,966,37,2024-01-08,1212065
1030,917,1175,93,2023-10-13,384937
1031,941,968,58,2025-01-31,910280
1032,201,1306,78,2024-01-22,544350
1033,504,1159,1,2023-12-23,1156260
1034,654,272,7,2024-12-13,735418
1035,248,1333,70,2024-09-08,661780
1036,392,812,77,2024-01-18,1448726
1037,459,1272,2,2024-08-15,172459
1038,543,551,1,2023-06-25,396967
1039,670,586,89,2024-10-04,75534
1040,850,573,97,2024-04-23,131571
1041,972,63,60,2025-03-29,651058
1042,711,1006,87,2025-03-05,409872
1043,821,293,19,2025-04-08,1279599
1044,371,606,71,2024-10-15,144401
1045,289,172,58,2024-04-16,659838
1046,306,679,41,2023-10-10,662119
1047,29,453,47,2024-10-01,1350479
1048,490,1433,5,2023-07-10,82859
1049,931,838,79,2023-11-13,991607
1050,525,1229,73,2024-12-20,949060
1051,715,877,7,2025-01-09,233143
1052,773,253,92,2023-07-04,1059429
1053,949,104,24,2024-11-23,91016
1054,284,257,59,2024-04-01,1314550
1055,423,712,88,2024-04-12,1494401
1056,799,1242,2,2023-07-03,622586
1057,992,1461,28,2024-11-24,739474
1058,889,813,75,2024-07-30,119864
1059,157,74,65,2024-07-26,1262603
1060,159,899,91,2023-07-21,627162
1061,585,960,99,2025-02-26,551308
1062,716,1235,31,2024-05-27,954044
1063,734,293,29,2024-10-25,1324140
1064,954,610,86,2024-04-11,1279470
1065,285,909,34,2023-11-07,688427
1066,658,1267,71,2024-05-15,1203508
1067,499,215,8,2023-06-12,1435345
1068,717,1352,49,2023-10-23,1140920
1069,183,1469,52,2024-01-10,986360
1070,160,1265,9,2024-11-24,1465015
1071,79,1311,27,2025-03-17,1182036
1072,517,427,95,2025-02-07,457388
1073,650,717,97,2023-12-20,342126
1074,362,230,14,2024-09-23,199982
1075,314,794,73,2025-04-13,890183
1076,866,1302,34,2023-07-07,1448465
1077,41,626,48,2025-03-27,1436356
1078,929,324,86,2024-09-23,1476922
1079,533,331,60,2023-10-15,1227738
1080,246,1455,65,2023-08-14,417649
1081,394,1181,98,2024-05-28,977602
1082,66,471,58,2023-07-18,123690
1083,856,584,49,2023-06-14,1109698
1084,658,996,14,2025-02-08,364792
1085,964,1018,8,2023-12-22,446667
1086,970,1239,48,2024-05-19,817505
1087,747,1442,8,2024-01-07,1036219
1088,348,316,82,2024-12-31,164162
1089,942,396,29,2023-11-02,209193
1090,854,295,55,2023-08-29,190985
1091,237,578,63,2024-04-12,226671
1092,805,1478,83,2024-01-30,1319603
1093,321,60,5,2023-07-26,721064
1094,951,503,7,2024-09-08,392123
1095,485,1061,54,2025-05-04,1122719
1096,548,894,53,2024-09-05,750322
1097,390,148,48,2024-10-30,699495
1098,598,236,38,2024-05-16,658609
1099,590,1182,27,2025-01-25,1102110
1100,104,1138,39,2024-03-16,1328492
1101,566,633,89,2024-08-13,161784
1102,857,1456,98,2024-01-06,735539
1103,234,1246,23,2024-05-08,531038
1104,348,1471,23,2024-05-28,830743
1105,476,179,12,2024-09-13,276250
1106,163,176,53,2024-10-28,1181375
1107,38,835,21,2024-12-04,1092320
1108,973,1487,13,2024-04-10,131530
1109,289,208,43,2023-08-21,303367
1110,60,1451,54,2024-10-14,1370690
1111,654,699,56,2024-02-17,1043909
1112,426,912,82,2024-10-19,1371947
1113,719,1197,47,2024-04-24,879730
1114,993,1429,62,2024-08-30,501423
1115,506,918,89,2023-05-17,1153720
1116,40,333,46,2023-07-09,994858
1117,950,328,14,2025-02-27,1034101
1118,692,1051,73,2024-08-22,1371150
1119,925,490,96,2024-09-18,1429713
1120,269,984,36,2025-05-09,82525
1121,329,922,6,2023-12-26,700761
1122,149,86,36,2024-10-20,959081
1123,521,785,96,2024-11-04,1321699
1124,277,1408,2,2023-09-06,1482975
1125,518,1347,20,2024-08-05,342855
1126,256,728,23,2023-06-14,198368
1127,54,222,41,2023-07-14,909050
1128,424,1013,52,2024-04-07,1445695
1129,170,978,94,2023-05-30,326402
1130,38,352,83,2024-10-12,296724
1131,512,128,59,2023-06-09,339407
1132,567,1252,52,2024-05-01,792863
1133,11,1381,47,2024-02-29,280908
1134,998,92,3,2024-09-10,527971
1135,396,445,28,2023-09-17,155393
1136,669,632,80,2023-05-30,801178
1137,93,796,46,2023-05-20,124108
1138,355,560,90,2023-11-12,669250
1139,47,624,24,2024-08-21,1344989
1140,868,731,44,2023-05-15,209147
1141,195,864,76,2023-06-03,1232466
1142,176,765,41,2024-02-27,1407485
1143,920,864,57,2024-03-17,828750
1144,460,177,33,2024-02-16,1329499
1145,289,668,15,2024-01-13,67841
1146,297,1468,48,2024-06-28,599002
1147,478,691,45,2024-06-21,1072503
1148,610,1368,72,2024-02-18,1358638
1149,834,1407,39,2023-11-28,673110
1150,752,804,63,2023-09-14,256543
1151,58,466,16,2023-06-23,577854
1152,189,1317,79,2023-05-20,292552
1153,413,1063,76,2025-03-31,1003199
1154,884,1346,37,2024-10-06,85707
1155,128,35,74,2025-04-13,840778
1156,478,885,54,2024-03-04,1350285
1157,722,310,73,2024-10-11,365636
1158,672,124,95,2023-11-23,1488200
1159,323,1006,57,2024-08-16,996434
1160,250,571,64,2024-04-01,1454976
1161,80,1269,87,2024-05-04,400101
1162,704,448,33,2024-08-01,74938
1163,396,582,54,2023-07-18,1323151
1164,840,580,6,2024-03-12,1276282
1165,745,671,85,2024-01-01,526298
1166,645,1137,12,2024-11-13,922567
1167,196,488,75,2023-07-12,182612
1168,882,75,25,2023-12-17,171928
1169,88,226,87,2025-04-17,680826
1170,211,894,3,2023-10-22,588966
1171,709,34,53,2023-08-19,443057
1172,592,996,73,2023-08-13,1367821
1173,12,1416,76,2024-09-29,1292545
1174,898,1265,63,2024-10-09,1262365
1175,462,1250,81,2025-01-08,1018495
1176,373,397,24,2023-10-31,372485
1177,112,587,2,2024-10-01,289974
1178,843,719,81,2024-10-01,1495213
1179,360,1497,62,2024-06-28,804149
1180,871,1391,2,2023-10-10,929504
1181,883,906,62,2023-09-11,466493
1182,158,151,8,2025-01-19,733438
1183,757,1270,15,2023-10-14,538517
1184,966,1371,87,2025-04-01,714619
1185,168,1332,52,2023-05-29,1468526
1186,41,623,24,2023-11-30,1349044
1187,744,1409,90,2023-10-25,582515
1188,730,1020,85,2023-10-12,1284792
1189,705,348,26,2024-09-09,1261854
1190,356,1436,49,2024-03-14,947218
1191,155,798,88,2024-05-30,1369142
1192,724,1294,17,2025-04-07,228294
1193,313,1417,85,2023-11-24,474714
1194,262,1418,83,2024-09-04,451260
1195,885,200,25,2025-02-22,896847
1196,288,120,20,2024-01-06,944721
1197,735,1048,73,2024-04-30,713242
1198,332,603,43,2023-08-09,597970
1199,999,1267,53,2025-04-28,1145339
1200,255,1471,35,2023-10-06,519630
1201,494,238,67,2024-11-09,748121
1202,343,930,91,2023-08-31,1328723
1203,54,1265,1,2024-03-24,103776
1204,584,417,6,2025-03-09,546919
1205,914,605,33,2025-02-15,586646
1206,742,557,25,2025-04-18,117631
1207,55,213,41,2023-09-12,181071
1208,800,985,55,2023-11-04,296836
1209,121,361,19,2025-03-09,388920
1210,760,224,31,2024-04-08,945752
1211,541,1398,76,2025-02-07,251793
1212,892,1483,50,2024-10-30,182153
1213,739,962,68,2023-07-05,677067
1214,640,1054,89,2024-05-02,549648
1215,801,903,13,2025-04-04,673477
1216,686,721,61,2024-06-18,885893
1217,214,891,30,2025-01-12,1097441
1218,36,1297,46,2024-11-01,1191395
1219,230,174,23,2024-07-04,1108893
1220,933,161,55,2024-10-23,294703
1221,702,323,81,2024-02-15,505332
1222,876,472,77,2024-01-06,430119
1223,483,973,2,2024-09-07,1431194
1224,969,834,68,2024-08-13,656892
1225,862,411,2,2024-12-02,1240266
1226,12,1274,84,2024-04-17,1080726
1227,737,1500,71,2024-04-15,1493605
1228,79,1070,91,2023-12-24,491450
1229,815,1314,23,2024-06-10,1088839
1230,832,301,88,2025-03-02,988107
1231,511,571,80,2024-08-26,176461
1232,955,736,55,2024-11-09,1167472
1233,73,487,12,2023-06-11,582855
1234,711,1155,14,2024-06-22,1392793
1235,108,85,6,2023-08-19,610396
1236,58,1443,67,2024-10-07,1499822
1237,776,117,17,2023-09-24,1243434
1238,514,1318,9,2024-03-24,799510
1239,914,1107,73,2024-09-08,100388
1240,784,1215,35,2024-10-17,568659
1241,542,1354,16,2024-09-14,473013
1242,864,532,9,2024-10-01,416310
1243,177,1232,86,2024-02-01,634127
1244,166,677,70,2023-10-16,770873
1245,817,1319,51,2025-03-29,948942
1246,878,205,46,2023-08-21,763633
1247,546,582,3,2025-03-10,1059942
1248,797,237,25,2025-02-08,508462
1249,978,4,7,2024-01-28,73102
1250,822,881,75,2023-08-26,983637
1251,246,1401,69,2023-08-25,191080
1252,785,1493,72,2024-11-30,1079062
1253,384,433,33,2023-06-28,944214
1254,376,715,11,2023-09-06,666290
1255,870,1394,10,2024-03-14,479927
1256,762,367,75,2024-11-03,360963
1257,186,730,8,2025-02-10,628840
1258,708,1486,57,2023-05-16,200664
1259,319,1226,86,2025-02-19,998464
1260,129,1185,24,2025-03-30,438554
1261,742,795,26,2024-05-21,245825
1262,208,1020,76,2024-03-02,523418
1263,989,792,92,2024-06-01,1398150
1264,433,1066,53,2024-12-30,1102101
1265,854,580,9,2025-01-08,1371661
1266,811,1322,24,2023-11-22,776075
1267,120,1004,46,2024-03-20,829167
1268,592,984,55,2023-10-09,508290
1269,689,616,70,2024-04-14,780811
1270,646,617,27,2023-05-13,373463
1271,96,1257,52,2025-04-21,1001450
1272,86,62,15,2024-12-10,464649
1273,398,648,100,2024-04-07,526306
1274,868,1332,4,2024-08-25,287499
1275,569,540,72,2025-03-28,844592
1276,109,1299,37,2023-12-22,423496
1277,957,366,67,2024-04-13,408117
1278,830,1182,57,2023-06-13,1310516
1279,620,1049,80,2025-02-21,87507
1280,878,1303,44,2023-08-28,361377
1281,110,668,20,2023-09-02,144162
1282,908,237,66,2023-10-14,897735
1283,563,948,73,2024-12-26,1497272
1284,293,116,62,2023-10-18,1263934
1285,869,1280,67,2024-11-22,719544
1286,593,1240,23,2025-04-15,1306890
1287,192,901,67,2024-04-28,874986
1288,97,195,30,2024-09-27,201739
1289,86,1348,93,2024-03-04,224874
1290,465,154,69,2023-06-25,1265743
1291,639,468,57,2023-11-29,447336
1292,675,1463,16,2024-06-20,963364
1293,25,998,50,2025-02-22,1329241
1294,592,789,34,2024-03-06,1102121
1295,812,1163,46,2024-11-15,774682
1296,464,917,69,2023-11-18,370653
1297,949,1227,10,2024-09-08,1463782
1298,990,1305,2,2024-04-19,380585
1299,748,783,89,2024-05-27,360832
1300,328,938,28,2023-12-02,514222
1301,365,1423,13,2023-05-26,923956
1302,760,1241,64,2023-09-06,1046562
1303,617,1158,61,2024-02-21,1383338
1304,552,1040,5,2024-09-02,1450455
1305,102,1442,56,2024-05-28,241626
1306,645,1112,56,2024-05-19,1456375
1307,494,1223,88,2023-10-10,1070672
1308,859,1196,30,2024-11-12,860685
1309,292,649,27,2024-11-13,753372
1310,550,1168,41,2024-12-02,646373
1311,833,949,17,2025-04-22,848989
1312,986,1083,31,2024-03-16,797033
1313,499,1079,70,2023-11-20,1186681
1314,238,174,43,2024-10-02,686887
1315,426,571,9,2024-10-13,664873
1316,741,1347,1,2023-07-23,1391863
1317,900,1486,30,2024-07-18,691726
1318,95,196,53,2024-07-10,1271402
1319,998,452,42,2024-03-24,497618
1320,315,69,1,2023-09-16,222282
1321,703,301,80,2024-07-16,1048684
1322,28,965,11,2024-05-03,449767
1323,991,1049,54,2025-01-14,487108
1324,908,191,98,2024-06-28,220485
1325,629,211,82,2023-10-30,424269
1326,293,1422,35,2024-12-22,620081
1327,646,661,30,2024-04-22,883614
1328,997,751,85,2024-03-14,1420937
1329,818,666,45,2023-08-31,115713
1330,408,1082,78,2024-11-30,564878
1331,798,805,16,2023-06-08,112739
1332,787,781,41,2025-01-01,929782
1333,978,185,43,2024-12-08,1356504
1334,257,736,26,2024-07-06,865668
1335,647,213,21,2025-04-30,1049241
1336,437,328,74,2024-05-29,408297
1337,752,341,10,2024-05-18,1005400
1338,839,30,41,2023-12-31,980589
1339,908,1082,55,2024-08-11,229516
1340,600,588,33,2024-11-13,1271543
1341,792,755,2,2023-07-23,1434720
1342,345,352,32,2023-10-19,943068
1343,920,1174,94,2025-01-13,443766
1344,151,597,22,2024-02-01,424901
1345,56,451,42,2025-03-24,1368510
1346,457,436,84,2024-12-03,1186762
1347,828,6,24,2024-02-20,467643
1348,886,408,100,2023-09-05,926383
1349,138,738,62,2024-04-13,501832
1350,323,42,55,2025-05-04,1230098
1351,304,297,25,2023-12-08,79340
1352,884,220,55,2023-11-19,61832
1353,648,1294,76,2025-04-07,786376
1354,195,214,95,2024-01-26,365531
1355,303,913,87,2023-07-01,1178186
1356,260,294,58,2023-07-04,598422
1357,411,1007,46,2024-10-05,1061340
1358,630,1139,54,2023-08-14,1487139
1359,959,5,74,2024-12-02,1057874
1360,645,822,8,2024-12-14,964717
1361,688,46,49,2023-08-09,402733
1362,820,453,30,2023-05-26,477667
1363,598,714,47,2023-06-07,355603
1364,303,1170,74,2023-08-27,1346976
1365,152,659,82,2024-04-10,1423287
1366,362,516,15,2025-01-30,1288299
1367,834,142,52,2024-04-28,1314315
1368,555,294,97,2024-10-27,1158100
1369,305,646,84,2024-02-11,452293
1370,382,1200,46,2024-08-30,467133
1371,953,123,66,2025-02-18,581584
1372,441,1091,64,2025-04-28,616633
1373,816,1328,37,2024-12-23,408745
1374,433,1217,17,2025-02-24,1104469
1375,93,410,49,2024-04-29,389681
1376,178,497,51,2024-01-10,476232
1377,334,1275,64,2024-08-06,688771
1378,820,283,30,2025-01-04,399699
1379,173,439,51,2024-11-13,993903
1380,654,1317,6,2025-03-02,308341
1381,846,1405,34,2024-07-25,1056160
1382,793,1115,65,2024-03-09,625556
1383,317,740,92,2025-04-08,1092992
1384,490,199,34,2024-07-26,510649
1385,382,23,60,2024-11-14,612931
1386,186,153,80,2025-02-22,280908
1387,923,671,24,2024-12-16,904262
1388,66,883,91,2024-05-27,207711
1389,865,1035,38,2023-06-17,842244
1390,699,551,100,2023-11-18,1030485
1391,19,1172,46,2023-08-14,1175909
1392,428,677,1,2024-09-25,478111
1393,12,232,38,2024-11-08,843229
1394,642,828,54,2024-04-01,1326766
1395,19,418,26,2024-01-22,1410091
1396,876,1154,96,2024-04-30,323629
1397,285,675,97,2023-06-25,239588
1398,756,1049,91,2024-08-21,409889
1399,231,1012,92,2024-11-29,1372546
1400,197,618,29,2024-06-06,308213
1401,797,831,91,2024-06-05,1127522
1402,767,195,72,2024-07-26,545556
1403,366,44,93,2024-03-03,848985
1404,913,869,74,2024-12-11,833597
1405,528,1001,11,2023-11-28,65529
1406,392,498,20,2023-09-16,738271
1407,994,904,52,2025-04-08,1121488
1408,714,934,20,2023-05-14,1481111
1409,351,313,94,2024-09-19,1079113
1410,471,398,53,2025-02-01,1081436
1411,261,1460,84,2023-08-20,224091
1412,546,552,97,2024-06-11,815559
1413,159,168,39,2023-12-24,715161
1414,976,743,53,2025-02-04,960638
1415,122,1046,42,2024-12-15,1197309
1416,535,1051,100,2024-02-21,150574
1417,244,535,55,2024-10-17,1434895
1418,577,598,84,2023-12-21,731726
1419,962,197,22,2023-05-28,1044653
1420,768,1409,54,2023-10-03,88294
1421,302,35,35,2024-05-12,375859
1422,131,814,94,2023-11-08,303486
1423,746,861,93,2025-01-06,339238
1424,951,518,41,2024-08-11,913219
1425,557,860,42,2024-05-23,1201086
1426,25,1292,40,2024-05-30,1283183
1427,314,150,78,2024-01-12,1353685
1428,584,1463,72,2024-08-06,96182
1429,780,945,77,2023-11-11,1035892
1430,2,1431,81,2024-11-17,127952
1431,725,1426,35,2023-05-30,575456
1432,245,534,26,2023-12-28,1230552
1433,773,958,100,2025-05-04,644914
1434,208,1198,8,2024-01-20,1440477
1435,251,704,85,2024-07-11,446653
1436,789,346,28,2025-03-12,753515
1437,602,436,19,2025-01-08,606606
1438,789,165,81,2023-07-07,1253257
1439,707,57,54,2024-07-12,240225
1440,759,3,45,2024-07-16,780198
1441,986,189,67,2023-08-01,1124389
1442,845,244,93,2023-11-29,630365
1443,738,827,23,2023-07-20,754908
1444,572,1353,8,2024-09-27,323696
1445,442,916,25,2023-05-23,504877
1446,148,372,67,2023-12-07,318063
1447,293,1462,64,2024-03-09,1269824
1448,963,1362,59,2024-11-29,1051861
1449,120,877,19,2025-02-11,1489450
1450,599,358,100,2025-03-08,1057350
1451,785,907,90,2024-12-23,132814
1452,724,590,75,2024-07-19,1202798
1453,59,1378,81,2024-09-27,949378
1454,272,963,84,2024-02-06,773503
1455,867,965,75,2023-11-13,1412526
1456,556,681,73,2024-07-31,899275
1457,883,624,59,2024-06-03,160974
1458,562,310,44,2024-04-08,1237078
1459,111,123,4,2023-12-19,415764
1460,738,923,17,2023-05-27,1103099
1461,139,378,6,2024-01-18,319522
1462,1,267,32,2024-04-28,365193
1463,579,984,55,2023-07-01,412441
1464,101,1088,54,2023-08-27,1079941
1465,164,331,32,2024-12-27,458898
1466,268,1392,53,2023-05-18,1017488
1467,362,1401,69,2024-09-24,599871
1468,283,108,4,2025-03-10,80262
1469,920,185,4,2024-03-19,217103
1470,698,62,55,2024-05-02,1344550
1471,513,1391,5,2025-01-06,1159949
1472,277,1076,76,2024-06-18,1338206
1473,503,689,87,2023-09-27,1248642
1474,16,1330,96,2023-07-04,108676
1475,835,526,42,2023-08-16,1246852
1476,385,599,40,2025-04-08,919240
1477,378,226,70,2024-06-10,653452
1478,325,1348,36,2023-10-03,1059236
1479,152,344,46,2025-04-11,1387847
1480,878,931,86,2023-11-24,947459
1481,175,772,63,2023-08-05,335237
1482,898,1008,46,2025-05-04,640162
1483,504,850,89,2024-08-13,127189
1484,678,1074,27,2023-06-10,457008
1485,533,767,77,2025-01-07,64326
1486,554,1463,36,2024-06-10,277399
1487,585,1006,80,2024-10-27,359077
1488,964,547,67,2024-07-03,425352
1489,31,1090,57,2023-06-08,1231144
1490,993,1086,21,2024-05-06,903695
1491,577,1465,96,2024-02-25,1473222
1492,50,459,73,2023-08-22,207969
1493,380,649,57,2024-02-04,781268
1494,754,458,30,2023-12-31,659601
1495,274,24,83,2023-10-20,271588
1496,937,284,28,2024-04-19,472920
1497,240,304,7,2023-05-28,138513
1498,505,1046,77,2024-08-12,1226656
1499,524,1428,4,2024-06-21,505804
1500,203,97,56,2023-09-20,115613
1501,522,1474,73,2024-10-08,369734
1502,448,94,72,2024-09-08,674651
1503,238,125,88,2024-09-08,602491
1504,193,13,14,2025-03-29,775735
1505,90,560,87,2024-09-20,1293335
1506,996,1428,20,2023-06-06,832590
1507,760,917,57,2023-07-29,1298056
1508,81,395,93,2023-08-14,678186
1509,166,1429,56,2024-10-26,709234
1510,272,377,37,2024-05-11,945262
1511,97,811,45,2024-11-25,211482
1512,682,1357,80,2024-10-20,271071
1513,512,378,55,2024-03-07,1181374
1514,905,300,35,2024-08-09,449095
1515,805,788,28,2023-07-02,1493272
1516,352,501,93,2024-03-19,184490
1517,116,612,86,2024-03-01,987068
1518,319,930,75,2024-07-04,930010
1519,866,514,60,2024-06-26,336643
1520,431,509,89,2025-01-19,674321
1521,49,195,59,2024-11-23,785327
1522,840,1210,55,2023-09-09,492797
1523,746,902,35,2023-07-07,461805
1524,443,941,74,2024-07-05,692456
1525,21,1232,60,2024-11-29,1227393
1526,792,841,94,2024-07-13,1113326
1527,421,714,11,2024-11-27,266797
1528,25,769,97,2024-02-29,324829
1529,775,837,18,2023-12-27,1132859
1530,227,1277,32,2023-06-09,554495
1531,418,956,82,2024-07-10,1332195
1532,951,209,40,2024-12-20,656177
1533,343,778,4,2025-04-07,303302
1534,233,133,73,2024-07-14,941436
1535,833,57,77,2023-09-29,593814
1536,879,206,31,2025-04-10,1043426
1537,812,141,91,2025-03-05,541888
1538,290,508,89,2025-02-24,534064
1539,362,402,28,2024-08-27,355247
1540,351,1245,82,2024-03-09,80238
1541,94,990,93,2023-08-07,1406546
1542,316,574,12,2025-03-31,288989
1543,896,1209,68,2024-09-28,719159
1544,858,675,6,2023-07-02,1309458
1545,490,436,28,2025-01-15,1304672
1546,732,387,67,2024-11-02,1111973
1547,931,1221,14,2023-06-22,1144843
1548,825,1163,27,2025-05-07,154814
1549,875,47,9,2025-04-06,1322322
1550,644,959,87,2025-04-17,1248369
1551,598,902,10,2024-04-11,342000
1552,510,790,54,2024-03-12,1194262
1553,21,949,14,2025-02-25,1451539
1554,57,661,44,2025-01-17,372846
1555,337,234,71,2024-02-28,312718
1556,228,364,38,2024-02-15,974697
1557,14,751,92,2024-08-28,109408
1558,61,802,31,2024-11-18,345976
1559,2,466,32,2024-11-13,845589
1560,19,547,79,2023-08-04,393514
1561,708,371,10,2024-12-06,463757
1562,563,915,90,2024-01-23,532380
1563,566,1310,34,2024-12-05,665565
1564,486,1288,14,2024-11-14,920966
1565,269,917,4,2024-07-07,1480133
1566,454,1178,31,2024-07-16,1217491
1567,954,74,53,2025-04-24,1415428
1568,338,1171,14,2024-05-14,1417230
1569,445,636,77,2024-03-26,157183
1570,410,322,44,2023-06-23,564249
1571,492,992,70,2023-08-24,1051227
1572,632,1210,52,2023-09-02,1040445
1573,861,1109,82,2025-03-28,423587
1574,115,770,38,2024-04-15,1281314
1575,999,843,91,2024-09-19,1426359
1576,119,1217,88,2023-07-16,611115
1577,410,438,100,2023-05-31,1299945
1578,68,1041,77,2024-06-28,799111
1579,273,170,31,2024-10-31,1322471
1580,602,151,94,2024-06-20,1325132
1581,522,804,96,2024-05-16,390245
1582,258,884,100,2023-05-16,135950
1583,4,1467,68,2024-12-14,132813
1584,595,404,14,2024-03-09,889510
1585,728,474,29,2023-11-13,391937
1586,880,1447,87,2023-05-26,1076893
1587,824,1134,45,2024-04-12,1333390
1588,869,314,3,2025-01-09,428996
1589,645,655,50,2025-03-06,582184
1590,310,243,22,2023-05-29,1424062
1591,701,942,40,2024-07-15,1481060
1592,620,778,19,2023-12-28,1468798
1593,629,1416,52,2024-06-06,1251528
1594,177,1254,6,2024-12-15,834934
1595,337,234,32,2024-12-22,501946
1596,21,384,17,2024-05-24,1092460
1597,651,710,66,2024-12-13,898438
1598,925,559,94,2023-08-26,522637
1599,892,50,29,2024-07-08,969323
1600,642,1444,74,2025-03-18,523994
1601,390,803,69,2023-05-12,1457403
1602,129,443,67,2023-12-01,702266
1603,392,1444,86,2025-03-03,305419
1604,527,1002,82,2024-09-21,719966
1605,333,188,87,2023-11-05,1244688
1606,471,102,9,2024-01-16,1271553
1607,154,327,72,2024-06-03,1061715
1608,547,630,10,2024-07-26,865024
1609,508,601,12,2023-10-21,143411
1610,183,552,83,2025-02-08,472771
1611,382,1270,33,2023-12-21,1368293
1612,571,283,27,2023-09-29,511982
1613,757,1270,60,2025-02-18,1320619
1614,156,571,58,2024-12-03,302926
1615,303,543,64,2023-10-24,269406
1616,954,1312,50,2023-07-09,396037
1617,878,1255,20,2024-07-22,1259035
1618,702,711,35,2024-02-24,358381
1619,958,916,87,2023-07-04,243550
1620,668,788,26,2023-12-08,1418612
1621,652,749,6,2024-02-26,1074004
1622,540,77,29,2024-06-30,357547
1623,848,344,51,2023-12-13,1131914
1624,804,1198,3,2023-06-12,1017486
1625,318,182,93,2024-10-13,1249340
1626,12,1034,90,2024-02-06,249938
1627,17,1322,29,2023-05-20,617261
1628,471,253,31,2024-05-10,1408244
1629,661,769,19,2023-11-24,652988
1630,242,1365,93,2024-04-24,1498484
1631,328,580,39,2024-06-02,1285507
1632,868,260,35,2023-10-18,117556
1633,703,1358,75,2024-06-14,440925
1634,48,1326,30,2023-12-16,1344827
1635,317,222,63,2024-09-15,1404805
1636,678,1263,66,2024-01-27,475700
1637,423,120,94,2025-02-22,869687
1638,819,499,5,2023-11-23,567699
1639,255,227,24,2025-03-23,936110
1640,954,960,21,2023-06-09,290230
1641,584,728,71,2024-07-14,240462
1642,692,507,10,2023-12-07,785678
1643,576,767,50,2023-08-23,631222
1644,843,1488,52,2025-04-11,531232
1645,411,69,37,2024-03-26,1203415
1646,742,1099,46,2024-02-12,586663
1647,334,952,95,2023-12-16,575341
1648,78,975,94,2023-12-04,779828
1649,151,552,97,2024-11-21,231310
1650,789,1481,20,2023-10-10,1340804
1651,704,1350,80,2023-05-24,1127768
1652,498,970,16,2023-10-08,209907
1653,943,889,97,2023-06-14,200043
1654,58,845,63,2024-05-10,1010540
1655,318,489,84,2024-07-01,399829
1656,731,776,7,2024-07-03,265254
1657,935,1249,90,2023-07-06,876324
1658,477,329,22,2024-07-15,1061992
1659,297,338,22,2024-06-10,1223008
1660,826,1359,35,2024-02-14,1110551
1661,914,1325,36,2025-02-26,514691
1662,823,990,65,2024-06-03,1283121
1663,175,576,9,2025-01-19,297442
1664,831,84,66,2024-11-13,1234608
1665,569,1425,66,2023-08-22,1106753
1666,63,1490,100,2024-09-05,525729
1667,926,1110,68,2023-08-10,701663
1668,712,455,17,2024-01-19,786679
1669,265,316,69,2025-04-10,368465
1670,375,947,68,2023-07-29,1411742
1671,524,107,96,2025-02-13,392811
1672,76,1014,85,2025-03-02,827147
1673,716,1354,24,2023-11-05,287584
1674,133,179,59,2023-12-09,520792
1675,454,1142,40,2024-03-06,514140
1676,231,486,78,2024-07-29,1044519
1677,338,1159,14,2025-03-15,1298789
1678,753,1110,39,2025-04-25,1180610
1679,91,1056,25,2024-04-06,1489943
1680,678,1206,62,2025-04-24,661492
1681,935,1074,42,2023-08-20,415677
1682,914,453,35,2023-08-26,607702
1683,301,511,61,2024-08-24,440581
1684,432,109,35,2024-06-14,1240982
1685,302,587,81,2024-07-10,1496673
1686,708,1426,81,2023-10-27,190868
1687,224,149,18,2023-05-31,579414
1688,571,678,27,2025-02-13,174338
1689,38,1181,94,2025-04-21,1356704
1690,392,349,90,2024-04-21,1091654
1691,494,762,81,2023-08-31,1271536
1692,803,252,64,2024-04-22,1432581
1693,801,738,21,2024-10-28,617075
1694,733,1366,34,2024-08-10,1417563
1695,637,933,78,2025-02-12,727723
1696,419,613,100,2024-06-19,158356
1697,374,408,54,2023-08-28,1040062
1698,735,756,59,2025-02-10,448531
1699,823,156,99,2024-12-12,916629
1700,879,447,22,2023-10-05,796301
1701,274,1167,11,2025-02-13,1010742
1702,374,1491,100,2024-04-15,1380450
1703,221,136,42,2024-07-21,1496334
1704,219,1382,16,2024-03-23,419297
1705,440,638,59,2024-12-13,1007315
1706,719,1496,42,2024-09-11,159938
1707,991,393,69,2023-05-29,616786
1708,377,991,93,2024-08-31,713641
1709,251,508,94,2024-07-10,1142209
1710,339,311,62,2024-10-30,203216
1711,131,1454,80,2024-02-05,370422
1712,139,643,58,2024-09-18,377332
1713,699,176,13,2025-03-29,588720
1714,405,143,27,2024-06-01,1177876
1715,156,864,35,2024-05-14,1091351
1716,501,764,62,2025-01-17,395294
1717,754,982,68,2023-09-28,302491
1718,647,1256,7,2025-01-13,1223036
1719,542,979,70,2024-09-02,1140923
1720,839,688,75,2023-06-13,469620
1721,581,115,23,2023-06-12,517376
1722,688,530,48,2024-02-16,437775
1723,956,179,20,2024-09-05,613618
1724,420,958,21,2025-01-11,746759
1725,392,15,65,2025-03-10,535445
1726,115,430,54,2023-12-31,1257420
1727,2,798,20,2025-03-13,867387
1728,456,1316,47,2024-05-06,1410234
1729,910,644,93,2023-05-12,707717
1730,546,786,90,2023-09-07,1185200
1731,505,388,71,2024-11-20,1054660
1732,979,477,100,2023-08-31,1495285
1733,225,1142,54,2024-11-22,310254
1734,337,1154,18,2024-05-26,293258
1735,218,1344,20,2024-02-18,1221584
1736,313,762,40,2025-01-31,1144507
1737,329,110,47,2024-09-09,784339
1738,467,1344,29,2024-01-31,125329
1739,125,846,61,2024-10-08,668206
1740,664,837,49,2025-02-11,189155
1741,231,595,34,2023-07-01,1498116
1742,801,643,9,2023-12-29,327807
1743,423,39,36,2025-04-11,667865
1744,408,109,37,2024-05-29,568118
1745,28,1003,11,2023-07-07,1312088
1746,752,856,87,2023-10-31,534363
1747,927,1486,57,2025-04-16,829097
1748,806,992,88,2024-05-27,1449049
1749,282,720,90,2023-11-11,1220740
1750,646,1027,87,2024-10-06,92531
1751,836,404,83,2024-06-29,1062235
1752,490,1034,51,2023-11-28,1109292
1753,137,445,46,2025-01-31,1387740
1754,724,314,98,2023-05-27,327664
1755,996,1407,39,2025-03-12,1211107
1756,951,361,67,2023-07-07,1339280
1757,25,417,76,2024-03-09,991179
1758,296,1199,87,2024-12-10,1065978
1759,618,675,40,2025-02-28,668739
1760,921,1413,77,2023-12-09,73849
1761,502,827,29,2024-06-08,209080
1762,82,1078,39,2024-11-13,735260
1763,716,287,41,2024-09-15,785619
1764,252,849,50,2024-09-15,743210
1765,136,473,31,2025-03-22,1266726
1766,554,182,29,2024-05-20,975356
1767,522,858,1,2025-02-06,380844
1768,988,22,29,2024-09-26,142194
1769,391,741,59,2024-04-02,944739
1770,266,8,93,2023-09-13,1380307
1771,270,1229,68,2023-10-22,124926
1772,366,711,92,2023-09-02,1264359
1773,218,72,44,2024-01-17,593848
1774,679,1020,96,2024-04-07,73828
1775,430,387,68,2023-05-30,202136
1776,519,505,58,2025-01-10,302150
1777,255,500,61,2024-06-24,1085742
1778,867,1396,3,2025-03-30,1468195
1779,917,736,64,2023-12-26,1067822
1780,551,1402,69,2023-12-18,1344973
1781,959,504,100,2023-06-09,457054
1782,775,108,19,2023-11-15,1356598
1783,779,304,45,2024-12-09,861000
1784,240,1428,95,2024-04-02,1081516
1785,51,421,84,2024-09-27,862105
1786,562,1080,33,2024-06-07,474287
1787,251,750,86,2024-02-12,634451
1788,468,29,7,2025-04-05,1140986
1789,234,1430,83,2024-03-04,1492221
1790,589,522,54,2023-11-20,877514
1791,406,191,42,2024-05-03,679326
1792,625,546,58,2025-04-25,1137911
1793,862,404,35,2023-08-08,261951
1794,218,1209,8,2023-08-23,898589
1795,603,220,24,2024-12-19,1285299
1796,957,661,21,2023-11-22,1160861
1797,511,722,36,2025-02-28,1278442
1798,674,1119,86,2024-05-18,1296259
1799,523,1245,68,2023-08-11,1308468
1800,851,1232,56,2025-03-29,399953
1801,7,1161,39,2025-02-12,911935
1802,754,1377,63,2025-01-15,1350183
1803,336,1037,16,2023-07-05,884557
1804,582,1267,75,2023-06-18,283906
1805,900,925,54,2025-01-19,718159
1806,612,453,41,2023-10-27,427449
1807,847,828,89,2025-03-15,355415
1808,871,1302,56,2025-04-18,844541
1809,222,689,84,2025-04-17,239296
1810,485,1094,61,2024-11-20,1408390
1811,47,592,98,2025-04-08,1449254
1812,78,316,23,2023-06-12,835202
1813,493,51,41,2023-06-19,207471
1814,378,1195,93,2024-03-01,1366723
1815,69,962,45,2024-08-09,792496
1816,354,1464,48,2025-03-25,1171330
1817,601,894,5,2024-04-23,621029
1818,447,814,70,2023-05-24,272998
1819,874,189,56,2024-08-30,108163
1820,21,341,58,2024-09-15,599227
1821,224,958,69,2023-05-23,993146
1822,110,1060,75,2024-07-13,1319513
1823,213,333,83,2025-03-29,75489
1824,335,254,75,2023-09-03,71655
1825,436,765,98,2024-03-14,132550
1826,640,52,34,2024-06-30,1257685
1827,646,1229,99,2024-01-16,625540
1828,53,1178,76,2025-05-04,1436870
1829,964,425,49,2024-12-05,212824
1830,713,386,87,2024-09-16,193950
1831,788,1323,51,2025-02-22,805300
1832,562,1452,6,2023-05-24,1455410
1833,205,1064,97,2024-02-04,115766
1834,882,750,31,2025-01-04,627216
1835,733,207,85,2025-03-18,1446199
1836,850,695,3,2023-11-25,119416
1837,918,370,82,2024-05-13,625443
1838,312,51,66,2025-03-28,536278
1839,489,994,61,2024-10-25,719419
1840,170,520,74,2023-08-31,1415807
1841,964,1361,11,2024-03-26,102489
1842,864,322,84,2025-01-08,1241757
1843,440,486,11,2023-12-02,1295741
1844,475,98,83,2024-04-02,221463
1845,55,1185,85,2023-11-02,441400
1846,625,603,85,2025-01-22,1267265
1847,961,1286,25,2023-09-01,680265
1848,566,341,40,2024-07-14,514716
1849,763,378,24,2024-03-31,88628
1850,739,513,80,2024-07-26,1405399
1851,926,290,46,2024-09-19,845854
1852,186,1414,79,2024-10-10,1222390
1853,598,1076,43,2025-05-07,365158
1854,356,364,91,2025-02-09,1405811
1855,172,1201,21,2023-12-31,1270278
1856,727,674,70,2024-08-21,1370123
1857,24,1471,91,2024-06-02,547729
1858,419,1012,12,2023-06-11,1457577
1859,375,538,84,2023-07-06,231146
1860,52,1480,95,2024-10-23,980346
1861,733,250,22,2024-06-19,191535
1862,778,412,43,2023-08-22,1494481
1863,317,599,9,2024-03-09,1313611
1864,292,439,49,2025-02-25,1164499
1865,279,1375,40,2024-02-17,1418992
1866,106,53,73,2024-02-29,740442
1867,756,1040,11,2023-12-15,403987
1868,287,783,13,2024-10-03,1301296
1869,876,1406,66,2023-08-16,422574
1870,185,298,77,2024-10-10,75389
1871,193,808,73,2023-06-19,504479
1872,735,557,51,2025-01-15,925252
1873,182,777,75,2024-09-14,938725
1874,184,349,28,2024-12-29,1141163
1875,666,1264,81,2024-08-28,167849
1876,567,380,33,2024-12-08,1443043
1877,527,23,33,2024-03-02,487340
1878,617,425,51,2024-09-10,303074
1879,391,160,52,2024-05-10,933450
1880,970,1301,44,2025-03-22,1014336
1881,448,1292,87,2024-12-17,569550
1882,667,1263,20,2023-07-18,441120
1883,592,333,98,2024-06-02,567743
1884,699,1047,38,2024-03-09,407400
1885,226,1358,66,2024-03-05,283631
1886,733,1232,17,2024-09-09,79927
1887,77,795,91,2025-04-10,1053865
1888,898,157,6,2024-02-06,1432399
1889,791,1233,4,2024-07-21,580609
1890,117,865,34,2024-12-05,609012
1891,879,1002,25,2023-12-21,635203
1892,141,118,46,2024-08-29,208652
1893,350,508,21,2023-11-21,217178
1894,571,1368,17,2024-06-17,1323427
1895,88,761,2,2024-07-08,366945
1896,654,943,68,2025-01-02,872202
1897,79,116,43,2025-03-28,525541
1898,517,1121,9,2025-03-06,778730
1899,692,339,85,2023-06-24,772253
1900,653,523,31,2023-10-13,302292
1901,431,578,3,2025-03-06,1124179
1902,65,526,69,2024-01-24,953925
1903,444,382,87,2023-08-30,558021
1904,88,952,99,2024-06-07,474006
1905,655,381,61,2024-05-04,1023103
1906,244,6,49,2024-05-18,897261
1907,222,476,16,2025-05-07,676334
1908,616,256,93,2024-02-25,1318820
1909,794,1029,12,2023-08-13,763734
1910,541,1500,29,2024-03-21,66620
1911,689,271,4,2025-05-10,440527
1912,976,290,69,2024-08-31,931789
1913,373,1209,66,2024-03-12,953304
1914,47,659,56,2023-09-16,1096218
1915,10,1435,17,2023-09-23,93758
1916,23,595,71,2024-04-02,674292
1917,826,427,4,2024-12-04,709305
1918,307,863,16,2024-04-01,275089
1919,743,767,23,2025-01-22,1016246
1920,233,1334,64,2024-07-17,1158252
1921,242,1339,14,2024-02-12,242688
1922,701,1335,63,2023-08-09,954449
1923,367,794,92,2024-03-26,1017927
1924,926,509,77,2024-11-16,625572
1925,193,333,93,2023-05-21,191762
1926,407,894,14,2024-09-09,614595
1927,331,386,89,2024-06-18,950908
1928,953,74,29,2025-04-03,1263203
1929,332,1097,31,2024-01-03,1102145
1930,200,772,85,2023-07-18,926263
1931,791,312,33,2023-12-15,510168
1932,187,1347,78,2024-09-18,385703
1933,13,205,60,2024-10-05,304487
1934,158,829,95,2025-01-01,1062322
1935,992,170,37,2024-12-09,534824
1936,19,183,23,2023-11-28,75212
1937,964,1252,87,2025-02-13,1179950
1938,582,359,10,2024-03-06,276482
1939,729,1271,26,2025-05-03,762192
1940,842,1262,75,2024-12-02,957564
1941,954,539,61,2024-05-02,1241946
1942,65,1079,96,2023-09-24,1388468
1943,744,522,79,2024-06-24,535813
1944,373,427,96,2024-04-06,600447
1945,344,772,86,2024-11-05,334362
1946,937,1297,60,2023-11-08,670256
1947,103,799,82,2025-01-26,1021796
1948,835,1113,51,2024-04-23,1459773
1949,79,343,24,2023-06-25,77343
1950,874,511,17,2024-02-13,830990
1951,947,1413,64,2024-01-10,1104290
1952,582,140,19,2024-07-25,248300
1953,810,967,39,2024-03-12,1346519
1954,525,651,20,2023-12-05,1469429
1955,715,1123,76,2024-07-31,577440
1956,929,152,60,2024-03-19,312691
1957,804,37,77,2024-11-04,933894
1958,142,1452,61,2023-08-18,1192320
1959,438,304,92,2024-07-28,1441676
1960,535,459,85,2024-07-07,328395
1961,197,160,98,2025-03-28,815637
1962,468,839,6,2024-09-08,214250
1963,928,741,82,2025-04-02,756346
1964,967,1437,23,2024-08-24,125597
1965,481,423,10,2023-09-20,673367
1966,716,587,58,2024-06-25,1340441
1967,997,1434,37,2024-05-26,1397744
1968,812,847,33,2025-02-20,1464994
1969,832,1458,88,2024-01-23,732621
1970,999,830,42,2024-12-01,1248619
1971,379,1307,30,2023-06-05,1276725
1972,988,1250,87,2025-02-10,652215
1973,307,918,55,2023-08-25,78302
1974,243,1234,38,2024-07-20,207563
1975,484,358,62,2025-03-05,1328310
1976,707,553,72,2023-07-11,212807
1977,960,1131,22,2023-12-10,399382
1978,948,668,65,2023-12-18,259439
1979,992,397,65,2024-10-22,304634
1980,883,428,59,2023-06-26,435599
1981,974,1372,6,2024-10-25,683323
1982,569,1036,88,2023-08-14,573074
1983,39,1368,65,2024-03-15,373599
1984,213,1421,48,2025-01-13,467738
1985,778,342,58,2024-05-27,176371
1986,738,566,77,2025-01-29,703938
1987,345,1366,48,2024-12-14,1484072
1988,537,613,16,2023-12-18,1250442
1989,518,1188,61,2024-02-29,1127402
1990,882,710,58,2024-03-19,722392
1991,854,927,20,2024-09-04,403114
1992,309,809,59,2023-06-17,956122
1993,513,86,40,2024-12-02,952745
1994,347,825,62,2023-07-13,1315136
1995,947,962,36,2024-01-18,1244652
1996,121,849,40,2024-05-24,1144968
1997,1000,707,60,2024-01-27,1338110
1998,615,1435,58,2023-09-16,855539
1999,137,330,52,2025-01-27,1111731
2000,867,1109,17,2024-10-07,1216004